tiff_ha,a,b,c,d,e,f
10,12.18436369,,,,,
25,,19.3339773,,,,
50,,,26.37168046,,,
75,,,,32.62536798,,
100,,,,,38.51010697,
125,,,,,,44.19192426